{
  "numeric_features": [
    "mean_brightness",
    "std_brightness",
    "mean_edge_density",
    "mean_motion_energy",
    "n_frames"
  ],
  "numeric_scaler": {
    "mean": [
      117.2208480834961,
      65.69528198242188,
      0.021541813388466835,
      11.063056945800781,
      10.0
    ],
    "std": [
      28.79837417602539,
      13.933960914611816,
      0.01964636705815792,
      7.655422210693359,
      1.0
    ]
  }
}